Name       , Type , Member
Units      ,      ,
non_storage_nodes, Node ,D5
non_storage_nodes, Node ,D73
non_storage_nodes, Node ,C2
non_storage_nodes, Node ,D74
non_storage_nodes, Node ,C3
non_storage_nodes, Node ,C5
non_storage_nodes, Node ,dum1
non_storage_nodes, Node ,C87
non_storage_nodes, Node ,D77
non_storage_nodes, Node ,C1
non_storage_nodes, Node ,C4
non_storage_nodes, Node ,C69
non_storage_nodes, Node ,D76b
non_storage_nodes, Node ,C6
non_storage_nodes, Node ,C11
non_storage_nodes, Node ,C12
non_storage_nodes, Node ,C13
non_storage_nodes, Node ,C9
non_storage_nodes, Node ,dum2
non_storage_nodes, Node ,C86
non_storage_nodes, Node ,dum4
non_storage_nodes, Node ,D66
non_storage_nodes, Node ,C302
non_storage_nodes, Node ,D30
non_storage_nodes, Node ,dum5
non_storage_nodes, Node ,C303
non_storage_nodes, Node ,C14
non_storage_nodes, Node ,D61
non_storage_nodes, Node ,C305
non_storage_nodes, Node ,SWR
non_storage_nodes, Node ,C15
non_storage_nodes, Node ,D31
non_storage_nodes, Node ,C80
non_storage_nodes, Node ,C26
non_storage_nodes, Node ,C31
non_storage_nodes, Node ,C307
non_storage_nodes, Node ,C311
non_storage_nodes, Node ,SER
non_storage_nodes, Node ,C32
non_storage_nodes, Node ,D37
non_storage_nodes, Node ,D43
non_storage_nodes, Node ,C67
non_storage_nodes, Node ,D42
non_storage_nodes, Node ,C34
non_storage_nodes, Node ,C8
non_storage_nodes, Node ,C301
non_storage_nodes, Node ,C313
non_storage_nodes, Node ,C306
non_storage_nodes, Node ,C314
non_storage_nodes, Node ,C18
non_storage_nodes, Node ,C17
non_storage_nodes, Node ,D511
non_storage_nodes, Node ,D503
non_storage_nodes, Node ,C37
non_storage_nodes, Node ,D98
non_storage_nodes, Node ,C36
non_storage_nodes, Node ,C39
non_storage_nodes, Node ,D517
non_storage_nodes, Node ,C42
non_storage_nodes, Node ,D521
non_storage_nodes, Node ,D513
non_storage_nodes, Node ,D515
non_storage_nodes, Node ,D522
non_storage_nodes, Node ,D507
non_storage_nodes, Node ,D523
non_storage_nodes, Node ,C68
non_storage_nodes, Node ,D509
non_storage_nodes, Node ,D525
non_storage_nodes, Node ,D528
non_storage_nodes, Node ,D550
non_storage_nodes, Node ,C309
non_storage_nodes, Node ,D59
non_storage_nodes, Node ,MS
non_storage_nodes, Node ,PMPCC
non_storage_nodes, Node ,C70
non_storage_nodes, Node ,C71
non_storage_nodes, Node ,OLDR
non_storage_nodes, Node ,C310
non_storage_nodes, Node ,LV
non_storage_nodes, Node ,WC
non_storage_nodes, Node ,dum6
non_storage_nodes, Node ,C201
non_storage_nodes, Node ,TRACY
non_storage_nodes, Node ,BANKS
demand_nodes, Node ,Redding
demand_nodes, Node ,UD2
demand_nodes, Node ,UD4
demand_nodes, Node ,UD3
demand_nodes, Node ,UD5
demand_nodes, Node ,YUBA
demand_nodes, Node ,SAC
demand_nodes, Node ,UD6
demand_nodes, Node ,NAPA
demand_nodes, Node ,UD8
demand_nodes, Node ,STOC
demand_nodes, Node ,UD9
demand_nodes, Node ,CC
demand_nodes, Node ,EB
demand_nodes, Node ,AG1
demand_nodes, Node ,AG2
demand_nodes, Node ,AG4
demand_nodes, Node ,AG3
demand_nodes, Node ,AG5
demand_nodes, Node ,AG7
demand_nodes, Node ,AG6
demand_nodes, Node ,AG8
demand_nodes, Node ,AG9
storage_nodes, Node ,GW1
storage_nodes, Node ,GW2
storage_nodes, Node ,GW4
storage_nodes, Node ,GW3
storage_nodes, Node ,GW5
storage_nodes, Node ,GW7
storage_nodes, Node ,GW6
storage_nodes, Node ,GW8
storage_nodes, Node ,GW9
storage_nodes, Node ,SR4
storage_nodes, Node ,SR3
storage_nodes, Node ,SRBBL
storage_nodes, Node ,SR6
storage_nodes, Node ,SRNBB
storage_nodes, Node ,SRCFW
storage_nodes, Node ,SR8
storage_nodes, Node ,SRCLI
storage_nodes, Node ,SRLB
storage_nodes, Node ,SRPR
storage_nodes, Node ,SRNHL
storage_nodes, Node ,SRLV
storage_nodes, Node ,SREB
non_storage_nodes, Node ,DELTA
storage_nodes, Node ,SR10
storage_nodes, Node ,SRTR
storage_nodes, Node ,SRLL
storage_nodes, Node ,SR81
storage_nodes, Node ,SRHHR
storage_nodes, Node ,SR15
storage_nodes, Node ,SR12
storage_nodes, Node ,SRSCV
storage_nodes, Node ,SRASF
storage_nodes, Node ,SR20
storage_nodes, Node ,SR53
storage_nodes, Node ,SR52
storage_nodes, Node ,SRLK
storage_nodes, Node ,SRLS
storage_nodes, Node ,SRLI
storage_nodes, Node ,SRPF
storage_nodes, Node ,SR18
demand_nodes, Node ,CVPM11
demand_nodes, Node ,CVPM10
demand_nodes, Node ,CVPM12
demand_nodes, Node ,CVPM14
demand_nodes, Node ,CVPM13
demand_nodes, Node ,CVPM16
demand_nodes, Node ,CVPM17
demand_nodes, Node ,CVPM18
demand_nodes, Node ,CVPM15
demand_nodes, Node ,CVPM19
demand_nodes, Node ,CVPM20
demand_nodes, Node ,CVPM21
non_storage_nodes, Node ,D670
non_storage_nodes, Node ,D16
non_storage_nodes, Node ,D653a
non_storage_nodes, Node ,D653b
non_storage_nodes, Node ,D672
non_storage_nodes, Node ,D675
non_storage_nodes, Node ,D676
non_storage_nodes, Node ,D616
non_storage_nodes, Node ,C10
non_storage_nodes, Node ,D662
non_storage_nodes, Node ,D663
non_storage_nodes, Node ,D664
non_storage_nodes, Node ,C44
non_storage_nodes, Node ,C88
non_storage_nodes, Node ,D612
non_storage_nodes, Node ,D689
non_storage_nodes, Node ,D688
non_storage_nodes, Node ,D687
non_storage_nodes, Node ,D683
non_storage_nodes, Node ,D699
non_storage_nodes, Node ,C172
non_storage_nodes, Node ,D698
non_storage_nodes, Node ,D697
non_storage_nodes, Node ,C45
non_storage_nodes, Node ,C84
non_storage_nodes, Node ,C30
non_storage_nodes, Node ,D722
non_storage_nodes, Node ,D701
non_storage_nodes, Node ,D801
non_storage_nodes, Node ,D803
non_storage_nodes, Node ,D804
non_storage_nodes, Node ,D814
non_storage_nodes, Node ,D816
non_storage_nodes, Node ,D818
non_storage_nodes, Node ,D820
non_storage_nodes, Node ,D742
non_storage_nodes, Node ,C85
non_storage_nodes, Node ,D743
non_storage_nodes, Node ,D744
non_storage_nodes, Node ,D723
non_storage_nodes, Node ,D891
non_storage_nodes, Node ,D892
non_storage_nodes, Node ,D896
non_storage_nodes, Node ,C316
non_storage_nodes, Node ,D714
non_storage_nodes, Node ,C315
non_storage_nodes, Node ,C78
non_storage_nodes, Node ,C79
non_storage_nodes, Node ,dummy1
non_storage_nodes, Node ,C92
non_storage_nodes, Node ,D745
non_storage_nodes, Node ,D747
non_storage_nodes, Node ,D749
non_storage_nodes, Node ,D750
non_storage_nodes, Node ,D724
non_storage_nodes, Node ,C91
non_storage_nodes, Node ,D751
non_storage_nodes, Node ,C75
non_storage_nodes, Node ,D695
non_storage_nodes, Node ,D694
non_storage_nodes, Node ,D691
non_storage_nodes, Node ,D619
non_storage_nodes, Node ,D733
non_storage_nodes, Node ,D732
non_storage_nodes, Node ,Mendota
non_storage_nodes, Node ,D615
non_storage_nodes, Node ,D640
non_storage_nodes, Node ,D608
non_storage_nodes, Node ,D731
non_storage_nodes, Node ,C90
non_storage_nodes, Node ,C54
non_storage_nodes, Node ,C52
non_storage_nodes, Node ,C59
non_storage_nodes, Node ,C609
non_storage_nodes, Node ,C53
non_storage_nodes, Node ,C56
non_storage_nodes, Node ,D606
non_storage_nodes, Node ,D649
non_storage_nodes, Node ,C46
non_storage_nodes, Node ,D647
non_storage_nodes, Node ,D646
non_storage_nodes, Node ,D645
non_storage_nodes, Node ,D643
non_storage_nodes, Node ,D642
non_storage_nodes, Node ,D605
non_storage_nodes, Node ,C72
non_storage_nodes, Node ,D622
non_storage_nodes, Node ,D632
non_storage_nodes, Node ,D634
non_storage_nodes, Node ,C47
non_storage_nodes, Node ,D692
non_storage_nodes, Node ,D693
non_storage_nodes, Node ,C48
non_storage_nodes, Node ,D624
non_storage_nodes, Node ,C318
non_storage_nodes, Node ,C50
non_storage_nodes, Node ,C49
non_storage_nodes, Node ,C55
non_storage_nodes, Node ,C76
non_storage_nodes, Node ,C51
non_storage_nodes, Node ,C89
non_storage_nodes, Node ,C688
non_storage_nodes, Node ,C58
non_storage_nodes, Node ,C57
non_storage_nodes, Node ,C60
non_storage_nodes, Node ,Pixley
non_storage_nodes, Node ,D845
non_storage_nodes, Node ,D847
non_storage_nodes, Node ,D848
non_storage_nodes, Node ,D849
non_storage_nodes, Node ,D850
non_storage_nodes, Node ,D851D852
non_storage_nodes, Node ,D853
non_storage_nodes, Node ,C95
non_storage_nodes, Node ,KernRef
non_storage_nodes, Node ,C100
non_storage_nodes, Node ,C62
non_storage_nodes, Node ,C64
non_storage_nodes, Node ,C689
non_storage_nodes, Node ,C63
non_storage_nodes, Node ,C65
non_storage_nodes, Node ,C74
non_storage_nodes, Node ,C97
non_storage_nodes, Node ,C73
non_storage_nodes, Node ,D752
non_storage_nodes, Node ,D855D857
non_storage_nodes, Node ,D859
non_storage_nodes, Node ,C66
non_storage_nodes, Node ,C98
non_storage_nodes, Node ,D860
non_storage_nodes, Node ,dum
non_storage_nodes, Node ,D710
non_storage_nodes, Node ,D712
non_storage_nodes, Node ,D703
non_storage_nodes, Node ,D863
non_storage_nodes, Node ,C103
storage_nodes, Node ,GW11
storage_nodes, Node ,GW12
storage_nodes, Node ,GW10
storage_nodes, Node ,GWSC
storage_nodes, Node ,GW14
storage_nodes, Node ,GW13
storage_nodes, Node ,GW16
storage_nodes, Node ,GW17
storage_nodes, Node ,GW18
storage_nodes, Node ,GW15
storage_nodes, Node ,GW19
storage_nodes, Node ,GW20
storage_nodes, Node ,GW21
demand_nodes, Node ,CVPM11UR
demand_nodes, Node ,CVPM12UR
demand_nodes, Node ,CVPM10UR
demand_nodes, Node ,OakFlat
demand_nodes, Node ,SFPUC
demand_nodes, Node ,CVPM14UR
demand_nodes, Node ,CVPM13UR
demand_nodes, Node ,FRESNO
demand_nodes, Node ,CVPM17UR
demand_nodes, Node ,CVPM18UR
demand_nodes, Node ,CVPM15UR
demand_nodes, Node ,CVPM20UR
demand_nodes, Node ,CVPM19UR
demand_nodes, Node ,Bfield
demand_nodes, Node ,CVPM21UR
demand_nodes, Node ,StBarbara
non_storage_nodes, Node ,outflow2
non_storage_nodes, Node ,SRTLB
non_storage_nodes, Node ,SRBLV
